"0","FWD <- ""GGAAGTAAAAGTCGTAACAAGG"""
"0","REV <- ""GCTGCGTTCTTCATCGATGC"""
"0",""
"0","allOrients <- function(primer) {"
"0","  # Create all orientations of the input sequence"
"0","  require(Biostrings)"
"0","  dna <- DNAString(primer) # The Biostrings works w DNAString objects rather than character vectors"
"0","  orients <- c(Forward = dna, Complement = complement(dna), Reverse = reverse(dna),"
"0","      RevComp = reverseComplement(dna))"
"0","  return(sapply(orients, toString)) # Convert back to character vector"
"0","}"
"0",""
"0","FWD.orients <- allOrients(FWD)"
"0","REV.orients <- allOrients(REV)"
"0",""
"0","FWD.orients"
"1","                 Forward "
"1","              Complement "
"1","                 Reverse "
"1","                 RevComp "
"1","
"
"1","""GGAAGTAAAAGTCGTAACAAGG"" "
"1","""CCTTCATTTTCAGCATTGTTCC"" "
"1","""GGAACAATGCTGAAAATGAAGG"" "
"1","""CCTTGTTACGACTTTTACTTCC"" "
"1","
"
